,r2_score,mae,mape,mse,rmse
Bakery and cereal products (excluding baby food),-8.229105567949924,4.121549031091115,0.026719933910016105,23.975781520147255,4.525104136669252
Dairy products and eggs,-7.101078129924307,3.9866271770820423,0.028429048823881576,27.11750470212873,4.322084731969293
"Fish, seafood and other marine products",-2.420463865004733,3.163855910931947,0.023087588610777823,15.284577562900465,3.620461145732465
Food purchased from restaurants,-0.3466611260423192,1.8655402935371208,0.012146525040566474,5.62579434604404,2.0886658133287166
Food,-2.0952057150471544,2.4549753138627977,0.016610845321089213,8.086088549532313,2.768730791580356
"Fruit, fruit preparations and nuts",-2.339648746971428,4.8863760327535966,0.03601927404566704,36.73111997442726,5.591517280826076
Meat,-47.766186013278066,8.819118463425408,0.0546114895609418,123.92546541525242,9.756216700993614
Other food products and non-alcoholic beverages,-4.644923921355912,2.0819100435448687,0.01524778909069185,6.558595331192314,2.3663704515506265
Vegetables and vegetable preparations,-1.0469987228033697,7.157665977276191,0.04819996530862545,80.8951806263494,8.127269170025267
