,r2_score,mae,mape,mse,rmse
Bakery and cereal products (excluding baby food),-8.286188269848598,3.6401091600852045,0.023682936007645105,18.086323333696953,4.008327357972138
Dairy products and eggs,-6.3949252943001085,3.8911280233393284,0.027888294609557693,23.8119917596109,4.1632300785750616
"Fish, seafood and other marine products",-4.195138430748287,3.4915293658221223,0.025409224434957616,18.389009046780032,3.804605223557349
Food purchased from restaurants,-1.104529894833919,2.4101368495396223,0.015832230997536962,8.363717306943876,2.5481370063626607
Food,-1.8767828196458005,2.282170488468555,0.01539698028572415,7.251510397995965,2.504711102277952
"Fruit, fruit preparations and nuts",-2.491184006584817,5.039574896595465,0.03713753076570087,38.730602372093394,5.7576615074138715
Meat,-34.90391523252823,8.903411207249553,0.05509819986471313,106.86726543569593,9.666503807483979
Other food products and non-alcoholic beverages,-1.5356451493713037,1.4518916700252156,0.010658863620929554,3.276739508619104,1.6990181371256368
Vegetables and vegetable preparations,-1.252791140281346,7.731706861465697,0.05264959070371137,84.614842508851,8.706846972037699
