,r2_score,mae,mape,mse,rmse
Bakery and cereal products (excluding baby food),-6.096572036282931,3.089489996370185,0.020030943706480776,14.881178837884589,3.666815335633539
Dairy products and eggs,-4.233359521491942,3.41572599057798,0.02428472462524454,21.3833279153278,3.729295354883645
"Fish, seafood and other marine products",-6.833484725885263,3.551563359820655,0.025219199593251657,20.149176357372685,3.9993053151083697
Food purchased from restaurants,-0.6674333696591971,2.1189097611361727,0.01390512236979842,5.842976234394673,2.3349604139601166
Food,-1.463281472348978,2.1300096340280383,0.014477612233121474,6.043309786765925,2.372490873794893
"Fruit, fruit preparations and nuts",-3.7070043878256875,5.786125098334417,0.04280484528316731,47.301299642464926,6.450964620664305
Meat,-40.40537428256637,7.909283810570124,0.04902015178065816,101.7676154069956,8.563685357306143
Other food products and non-alcoholic beverages,-4.173870553156951,2.091326250348772,0.015323170818632076,8.421921753128453,2.3681204964348876
Vegetables and vegetable preparations,-0.49375214260180195,5.864857565662848,0.039955207518977735,51.43630589652403,6.930816539768242
