,r2_score,mae,mape,mse,rmse
Bakery and cereal products (excluding baby food),-6.423080867406802,5.61395563196253,0.03650988906414702,36.86586729221635,6.448967946675012
Dairy products and eggs,-22.02829542022313,5.7442079049569585,0.04232268533631145,37.02612805795778,6.457077759667919
"Fish, seafood and other marine products",-4.174801509414782,5.434838951958552,0.04183571931610132,37.54715225132259,6.378563654772705
Food purchased from restaurants,-11.933826063347041,4.547133353904442,0.03196550389176481,30.186928387645516,5.761706696437637
Food,-9.729376634629045,4.218104327166521,0.029627039456055562,27.78602061238983,5.511941278868214
"Fruit, fruit preparations and nuts",-2.2321267357468697,6.971696669967084,0.05080980646044742,72.12314295739833,9.158995139226766
Meat,-19.821742425819927,5.75886117440683,0.03654911495629607,46.41886695023489,7.252875439191914
Other food products and non-alcoholic beverages,-14.032638079996586,3.7438910025137466,0.027823567613348275,18.657034555353327,4.647079465250572
Vegetables and vegetable preparations,-0.20321082739459287,7.864970553362811,0.056144791716972245,106.45096685320347,10.886671080949037
