,r2_score,mae,mape,mse,rmse
Bakery and cereal products (excluding baby food),-58.74610425346915,8.629320227406012,0.056162946760571396,95.6300233505877,9.256612842614304
Dairy products and eggs,-13.556084814369969,5.091722387485404,0.036641001665307725,41.624656081828874,5.774901426639385
"Fish, seafood and other marine products",-8.941509504910615,3.7800008097653666,0.027341681201174906,27.134557412168807,4.419675012259266
Food purchased from restaurants,-4.246352231176661,2.034712865112951,0.012919551808508225,15.006191136693518,2.5751854449276563
Food,-20.060640487378624,5.29560284084744,0.03577534399388994,48.566804162592945,5.8306050423316895
"Fruit, fruit preparations and nuts",-16.497021176373142,8.099208409950217,0.05950901058167244,93.14138208653543,9.136667717833083
Meat,-35.416741247215484,8.571881672692676,0.052542791823342566,113.88823025348592,9.819216344947954
Other food products and non-alcoholic beverages,-6.085794034000458,2.5402659804732695,0.018608339487748628,12.227871646944235,3.0288434726899873
Vegetables and vegetable preparations,-4.182535804997788,9.027417256592441,0.06240617841204441,125.72684472108347,10.21196036596271
