,r2_score,mae,mape,mse,rmse
Bakery and cereal products (excluding baby food),-12.485539883363183,4.416943064694683,0.028835786588841745,28.581921909984697,4.896850635827527
Dairy products and eggs,-3.2500877075410934,3.0468604355262072,0.02171546719743005,15.397714116807947,3.322144567022877
"Fish, seafood and other marine products",-2.163132141107474,2.7159608669381945,0.019686236897709864,10.751107895807431,3.079356786543974
Food purchased from restaurants,-0.4427767276121242,1.8435788755063662,0.012303582050592307,4.964897702179987,1.9751763600817605
Food,-2.3254605269047084,2.105009076961136,0.014498923535476991,8.838935142945045,2.3187432741032534
"Fruit, fruit preparations and nuts",-2.654381632855069,5.344087118320364,0.03931647502097924,44.135484543393005,5.9975401479947115
Meat,-43.87902306407319,8.105461451616236,0.050121015861537645,97.92242274817492,8.78253512020997
Other food products and non-alcoholic beverages,-3.00856123844069,1.7166364316587088,0.012597064136696772,4.7931530200572015,2.0096032542919517
Vegetables and vegetable preparations,-0.24940411434146448,6.05139295386259,0.04225328158450325,60.69225250763599,6.92800869974235
