,r2_score,mae,mape,mse,rmse
Bakery and cereal products (excluding baby food),-0.14808197807475412,4.2939499365589615,0.02877492212598408,28.149236294759664,5.113876830101643
Vegetables and vegetable preparations,-0.20083775739983034,5.86762154997972,0.04086950588124752,57.29352404378253,6.772585440085922
Dairy products and eggs,-0.28538984859279676,3.9147763832536344,0.02657962505894047,23.995664259873,4.672991006633688
"Fish, seafood and other marine products",-0.3918392181742953,4.903659973951876,0.03382249056958634,31.830969877320445,5.547324491900935
Food purchased from restaurants,-0.41564269233009066,4.2199933369954445,0.028494958402934627,25.875222487478478,4.882623249575147
Food,-0.39522081824550986,3.967210862497805,0.026976710024379392,24.120665647226065,4.756426821737791
"Fruit, fruit preparations and nuts",-0.4906014561851606,5.363225068995562,0.03712656149205607,42.436118143834655,6.21905569632774
Meat,-0.778546878996354,4.1900305672297415,0.028029191208871315,25.32937058031519,4.911883356751373
Other food products and non-alcoholic beverages,-1.0065181226325162,4.4661482028860275,0.030477361602522724,28.11079586512899,5.144249698596899
