,r2_score,mae,mape,mse,rmse
Bakery and cereal products (excluding baby food),-7.916702304675929,4.348056518716157,0.02815428096167775,26.871955263406246,4.7386710601833695
Dairy products and eggs,-10.017586327161807,4.519895083311374,0.032536735828670504,29.50517901651946,4.854043957575681
"Fish, seafood and other marine products",-4.038138760849013,2.9205848189258083,0.02093358285660446,13.843016632117745,3.359893368437414
Food purchased from restaurants,-4.459141313501584,3.504342816872572,0.022628718745256283,18.158551493907265,3.7254522513057875
Food,-2.6075452933067247,2.760053507486981,0.018521802520510628,11.125113325892888,3.1478659507492197
"Fruit, fruit preparations and nuts",-2.2803380512009563,4.479506515825867,0.03302023256567692,33.96446564861981,5.281435083164998
Meat,-43.79412586827383,8.352167212269292,0.05178307983877054,100.46380145005338,9.043518523940008
Other food products and non-alcoholic beverages,-6.594297316389068,2.312603117927671,0.01700348609706367,7.526569345737638,2.6481699068496325
Vegetables and vegetable preparations,-0.7239595450944231,7.162027179374896,0.04883579884523459,80.07947383635691,8.277982091579487
