,r2_score,mae,mape,mse,rmse
Bakery and cereal products (excluding baby food),-11.816626652518622,4.739729377706215,0.030546964130839238,29.41761472523152,5.2574871957480624
Dairy products and eggs,-14.348945300413597,5.688997147575258,0.04058918945978703,54.83043990792703,6.251228060669274
"Fish, seafood and other marine products",-3.7836446154265375,3.228316071929125,0.023171987909181235,17.835935030016767,3.813786356664261
Food purchased from restaurants,-3.4638686515978265,2.9772853952236287,0.01953652672480706,13.407895239475216,3.2020982885797076
Food,-5.30101593131883,2.892147875589039,0.019103489945478863,19.248262689868614,3.3097095623267467
"Fruit, fruit preparations and nuts",-14.897314071636885,9.525903338477725,0.0700820284411778,110.86254116287368,10.210665156058523
Meat,-63.00950801067552,9.548996068560887,0.05906767212028876,140.38296843210443,10.541883915043313
Other food products and non-alcoholic beverages,-3.7480889193906015,2.3078158706584304,0.016795617343174588,9.723168353507205,2.6977194060593597
Vegetables and vegetable preparations,-2.00974639725344,6.433417438325429,0.04373142262419095,76.39298274681339,7.736625456542519
