,r2_score,mae,mape,mse,rmse
Bakery and cereal products (excluding baby food),-16.252803180607685,5.413444446382069,0.03487404408909824,39.55580223727333,5.777432738712279
Dairy products and eggs,-7.130830189165887,4.072381406107908,0.0290283794772549,28.47364705500229,4.479686138944742
"Fish, seafood and other marine products",-3.3053855666591043,3.195382111160844,0.023135183287280894,15.373071343232395,3.5617247187912757
Food purchased from restaurants,-0.5445492516840789,1.9756531932366597,0.012815056575875852,5.195638384341141,2.1577641748163847
Food,-6.056251619820621,3.7712412031870053,0.025524523453162567,18.34433697880242,4.089918445951154
"Fruit, fruit preparations and nuts",-5.025857973829624,5.667812085025525,0.04160889103590934,43.59341216114394,6.232786236563645
Meat,-71.66121243443011,11.316735282776849,0.06982180665836046,171.56233115931272,12.067488351039115
Other food products and non-alcoholic beverages,-3.8161687461960945,1.6775795063644485,0.012285919823117426,4.5695526118872545,1.9962156170686074
Vegetables and vegetable preparations,-0.6542173623557573,6.388426460790888,0.04390228257475016,63.50700000283904,7.411841232275293
