,r2_score,mae,mape,mse,rmse
Bakery and cereal products (excluding baby food),-31.226759288358725,7.708463436712033,0.04991915522401508,73.67135592471858,8.108617928456885
Dairy products and eggs,-11.534006738450751,4.967496098916999,0.035774393424096655,31.6955044924937,5.188914463031536
"Fish, seafood and other marine products",-5.186462193112354,3.950962631790727,0.028586326981353632,22.081276202528755,4.325131469771973
Food purchased from restaurants,-0.9450159261442047,2.133623835649441,0.014032135499725101,6.8891429163838716,2.2310744695360927
Food,-2.553397609425348,2.6655594154640494,0.017751661653146827,10.504756249380911,3.0120410728135876
"Fruit, fruit preparations and nuts",-9.223127429099803,7.615224511282785,0.055989111760843153,78.23588750108314,8.400523205644479
Meat,-53.090922537150554,7.0439470159944415,0.043829560846699006,94.44953996591262,7.863633570652361
Other food products and non-alcoholic beverages,-12.24920760811023,3.320359164444858,0.02431704921734724,15.047990558261949,3.633411717234788
Vegetables and vegetable preparations,-0.34156146145657296,5.443360781795765,0.037893892345502396,57.8693012374761,6.397679882322039
