,r2_score,mae,mape,mse,rmse
Bakery and cereal products (excluding baby food),-12.603053438033777,4.539930373903306,0.029271885929043395,32.93666371216263,5.109218243552608
Dairy products and eggs,-5.778450433055859,3.8466548415088155,0.0274255004965767,24.78966987107225,4.160297545209217
"Fish, seafood and other marine products",-7.768154760883186,3.9780995081341453,0.02846548316021567,22.98606497984598,4.436220209232411
Food purchased from restaurants,-0.07951384903011662,1.5031494544296677,0.00984045608742959,3.2964209602162438,1.7858887302921485
Food,-4.34613750253181,2.9401418696004904,0.019876101524926425,12.214411878476438,3.2186868179540777
"Fruit, fruit preparations and nuts",-3.634619977891877,5.704675914623119,0.042196438442834654,45.076889926428954,6.348337336029625
Meat,-70.50176396378721,10.323294123896845,0.06440736201582074,151.79746360028327,11.282192684440218
Other food products and non-alcoholic beverages,-1.9576583106492682,1.6767315576946922,0.012215544602906891,5.5017614281124025,2.076060630788671
Vegetables and vegetable preparations,-0.581951653825126,6.219808848951228,0.04365734368312863,54.18633113228923,7.094474525929894
