,r2_score,mae,mape,mse,rmse
Bakery and cereal products (excluding baby food),-21.552312630545202,4.9466143814975,0.03190584682479596,40.799113750330335,5.397409946178914
Dairy products and eggs,-8.798192834291426,4.787864162303784,0.03394308711011823,46.106311637210865,5.167125963540986
"Fish, seafood and other marine products",-5.559213408214775,3.8033092801533055,0.027442187096546892,19.85099728886092,4.278366404049936
Food purchased from restaurants,-0.4216008910754539,1.7140053441284817,0.011084810786093177,5.023641631751674,1.949563717880043
Food,-3.9661125806595927,2.887595080824758,0.01929889748607164,14.534005682810625,3.2774939845467017
"Fruit, fruit preparations and nuts",-12.632230020344617,7.46096941024538,0.054917688657832975,79.05325030002554,8.34157138400063
Meat,-56.33050635426368,9.166523209829178,0.05687342834650239,129.52512983239646,10.157495931643483
Other food products and non-alcoholic beverages,-4.746705420755613,2.6124386156677577,0.018920893579743834,16.84375506145099,3.0999249243411833
Vegetables and vegetable preparations,-1.6420063091282415,6.991637868729849,0.04696905848073742,78.6189573735844,8.252233581055037
