,r2_score,mae,mape,mse,rmse
Bakery and cereal products (excluding baby food),-22.064336800045087,6.39794733360331,0.04143901722968168,67.39228125756433,6.873563034273315
Dairy products and eggs,-8.113898505433617,4.3382148984878794,0.030897377452992286,34.06682383959774,4.791518450213076
"Fish, seafood and other marine products",-8.17954644109873,4.77773219517299,0.03443107991145363,28.44322201031949,5.235221461967446
Food purchased from restaurants,-1.5752266929162817,2.003329443553138,0.01289878568433045,7.528640369895492,2.3801647523926874
Food,-24.89428320134425,5.9168896912266975,0.040801604053146694,63.963592653472894,6.282354076125092
"Fruit, fruit preparations and nuts",-4.8540000716607805,6.538340953039744,0.0486447163800679,59.56707065219365,7.214853512648801
Meat,-74.45008118847723,9.228450492576314,0.05775468258602041,142.92957767058198,10.333637442338189
Other food products and non-alcoholic beverages,-6.7504944673795615,2.5613010668880705,0.018789140418157088,12.9879886791097,3.0762378966844395
Vegetables and vegetable preparations,-1.476553580192725,7.053182056971958,0.05028036603563695,72.55797156791381,8.054546935071647
