,r2_score,mae,mape,mse,rmse
Bakery and cereal products (excluding baby food),-10.341404633296564,4.485794935276899,0.029105929867191672,27.265641919288203,4.968296136689717
Dairy products and eggs,-4.125960673679899,3.04887442210364,0.021755286822477595,17.262644173279003,3.4189578529731803
"Fish, seafood and other marine products",-3.2862502253400323,3.495480312367596,0.025533891821408316,18.589736776313234,3.970598990043834
Food purchased from restaurants,-1.3750427264213847,2.511252412341891,0.016238666019932485,8.454465028292738,2.7438402789308483
Food,-1.282349315816268,2.0539898181087772,0.013771693526828178,6.058497404413324,2.378867394568547
"Fruit, fruit preparations and nuts",-4.199583762541217,5.969278601994591,0.04403177176391599,52.75154736309283,6.806857792169899
Meat,-35.11373653996192,7.276183730836899,0.04531332230159408,80.76315356289008,8.212095966910079
Other food products and non-alcoholic beverages,-7.345897783226703,2.745582766255375,0.020032065293548614,11.040633048009866,3.0604770628781623
Vegetables and vegetable preparations,-1.0918574094889855,7.698694210960753,0.053049012429249635,86.4479931446952,8.80572337382917
