,r2_score,mae,mape,mse,rmse
Bakery and cereal products (excluding baby food),-8.891058985134569,4.186089587337757,0.027155486129266427,22.24692947334241,4.647926261936441
Dairy products and eggs,-10.813044561560458,4.37563762765713,0.03150831323473531,26.32487075977333,4.695727302501799
"Fish, seafood and other marine products",-3.1983270723007817,3.8723271506173282,0.02830511179513737,23.594772687679292,4.2985058855630855
Food purchased from restaurants,-1.2241666768856672,2.4634278070359,0.015981224386671558,7.497129557789005,2.601173070949171
Food,-1.3934560701700847,2.03575548040804,0.013663023256724235,6.556049540617806,2.3407850203658174
"Fruit, fruit preparations and nuts",-4.060982201541852,6.120612018322819,0.04515571119441119,53.68127309442397,6.947714593814626
Meat,-58.622076854581444,9.068028618545128,0.05641942197317351,131.46495455812195,9.759330641438142
Other food products and non-alcoholic beverages,-5.403251791838539,2.3497911766092616,0.017265326316874743,7.967990295683033,2.585433021315172
Vegetables and vegetable preparations,-0.9640794743485367,6.606849583620748,0.045178951211248854,70.82579892603871,7.70321598601829
