,r2_score,mae,mape,mse,rmse
Bakery and cereal products (excluding baby food),-8.318482641573592,4.302397478699053,0.027711653438305287,25.689643641286256,4.7042948612050575
Dairy products and eggs,-9.645880683998564,4.635144248841301,0.03318829822010092,31.896682421550494,4.953266464045042
"Fish, seafood and other marine products",-11.980701049467624,4.51711674039326,0.03251553172448791,36.21288269669289,4.866117156168344
Food purchased from restaurants,-4.796392985657263,3.724690739061467,0.024072294338582326,17.870925402111066,3.8882646693123775
Food,-5.5556400161863095,3.6653281761855685,0.024879483931153506,17.23525209825939,4.002052460191622
"Fruit, fruit preparations and nuts",-12.055733801382063,7.904923284621465,0.05807206082885339,89.89363312802472,8.622573518599916
Meat,-71.3851985389014,9.69794712369404,0.06044019676588095,141.077101857031,10.606965975826425
Other food products and non-alcoholic beverages,-25.362212728509235,4.469419134230841,0.03290734236481813,26.352137447861338,4.742699038777607
Vegetables and vegetable preparations,-0.5608220345378577,6.579165944094378,0.046483976308654695,74.36221629191671,7.905858590591881
