,r2_score,mae,mape,mse,rmse
Bakery and cereal products (excluding baby food),-24.371648749905034,6.430029260544551,0.041409577914284956,60.06017438089859,6.824651316008296
Dairy products and eggs,-5.97912424650654,3.8734406365288643,0.027644232472625156,25.307924145573292,4.1791611418998516
"Fish, seafood and other marine products",-6.540836500641146,4.413142473735507,0.03193173155576626,26.451400727954393,4.840366915297546
Food purchased from restaurants,-1.8847801350706794,2.2211883100883054,0.014349474421307804,8.196496597602613,2.33327952117449
Food,-3.4076423687594493,2.751508593685415,0.018513667866392764,11.319492814827987,3.034470610210237
"Fruit, fruit preparations and nuts",-3.528868248759801,5.817915659102183,0.042858561952931536,47.85655787857999,6.478900334808693
Meat,-53.26512986680438,8.959696480079932,0.05574360235929867,119.68854054414828,9.549719757485555
Other food products and non-alcoholic beverages,-12.84873214406034,3.2985440753755113,0.024199886631259323,16.587822845478396,3.5731752159237566
Vegetables and vegetable preparations,-0.5798291623853978,6.511587056154927,0.04414566757809816,66.39564303683282,7.4766931530755265
