,r2_score,mae,mape,mse,rmse
Bakery and cereal products (excluding baby food),-16.736296697531127,5.285881147435102,0.034123334447307994,39.047904834324555,5.885794301651685
Dairy products and eggs,-8.622046741910319,4.357236165848991,0.031036536587889584,39.589661014591236,5.03018649488612
"Fish, seafood and other marine products",-5.74070409622916,3.069853095402793,0.022118891072624644,16.865870920512936,3.618986105223858
Food purchased from restaurants,-3.8298366474499956,1.9181126064724385,0.0121904622418239,13.645804627560528,2.399986457824768
Food,-13.188105844711922,4.828030399544531,0.03221983803793945,39.857266471743856,5.294711538249191
"Fruit, fruit preparations and nuts",-13.020010490146163,7.36119441885166,0.05429536729081911,79.68526352032559,8.277250086215657
Meat,-62.385108316569905,11.576025818516966,0.07074006179309669,207.52634241656082,12.61191915560117
Other food products and non-alcoholic beverages,-3.5122846518301394,2.1421756320529517,0.015609199019010353,10.811464714031501,2.6175000928781853
Vegetables and vegetable preparations,-2.4656825711430392,8.26688023319951,0.0567587947700828,96.60114735325261,9.47587708701467
