,r2_score,mae,mape,mse,rmse
Bakery and cereal products (excluding baby food),-160.7288232730351,13.399234715214483,0.08698581593752515,282.40262546449253,14.415059859223716
Dairy products and eggs,-30.546252627601024,6.90791763023094,0.04987932329383748,75.64612229763979,7.619832260089865
"Fish, seafood and other marine products",-24.818098893397266,6.568306070156197,0.0474889193467666,70.76977891333907,7.2069589441788375
Food purchased from restaurants,-8.75106317727346,3.71820567297557,0.02387885003448432,26.84201077596201,4.271931275660363
Food,-12.751275350002024,4.457499848219453,0.02957228303914043,41.85243857768463,5.2417330742191695
"Fruit, fruit preparations and nuts",-6.194388471043017,5.584047117687407,0.04089087604147822,45.18822236742866,6.665200253788317
Meat,-28.561639450283213,8.68012002813753,0.052668815619561764,136.79290330694343,9.933736848100933
Other food products and non-alcoholic beverages,-11.288163162882606,3.5084203205411395,0.02565081890910148,21.155763524688755,4.077044381070656
Vegetables and vegetable preparations,-7.119959544513488,11.56044251376359,0.08068693417531601,193.24913336966122,12.967308951939472
