,r2_score,mae,mape,mse,rmse
Bakery and cereal products (excluding baby food),-4.622710867304293,2.6120429185332443,0.016888081283217966,10.616883163030083,3.0483663588107834
Dairy products and eggs,-13.183090523038672,4.70974409517157,0.03369455266738942,35.69898290850431,5.003103858532303
"Fish, seafood and other marine products",-2.4426023912234984,3.2259862344731745,0.023539509314113943,14.401889218714842,3.6082727558733914
Food purchased from restaurants,-1.1266841204799811,2.1799572697392224,0.014239616988407847,6.787370538751752,2.392518456000076
Food,-3.6648248544801016,3.218086460658484,0.021536779745437194,13.293251342618623,3.404442242317451
"Fruit, fruit preparations and nuts",-5.566815739599192,6.7675715794638975,0.04986684442449174,63.69712857896732,7.440374686445414
Meat,-54.433867374177254,9.376101874295996,0.05803597692331151,133.34879327348534,10.167472960914973
Other food products and non-alcoholic beverages,-3.1100983278441876,1.9673377627418163,0.014406237570235287,6.275756991781155,2.2003903288492017
Vegetables and vegetable preparations,-1.2942513713794002,7.741978830004496,0.0527669671891082,85.75880598397237,8.891230266172103
