,r2_score,mae,mape,mse,rmse
Bakery and cereal products (excluding baby food),-19.665284906049433,6.390079453887132,0.041172682629918834,72.81204492358965,6.809165134205606
Dairy products and eggs,-19.069939030933256,5.601527424968739,0.04039010155825167,53.96320249581228,6.032230137743934
"Fish, seafood and other marine products",-2.372074075101796,2.939852065636367,0.02127330409488995,12.024923282208134,3.352926555474717
Food purchased from restaurants,-2.8166054095773565,3.118579359912367,0.020729312678717974,13.300178046745499,3.343856808114816
Food,-2.9778893004152684,2.7184831488069423,0.018411026880708826,9.864429063291828,2.9763243184568338
"Fruit, fruit preparations and nuts",-11.711046303201895,9.729121063878296,0.07222791321056596,122.23369694551737,10.276694037001382
Meat,-57.075274148286496,8.782800155720382,0.055037628896951296,130.84889029492277,9.4302869439865
Other food products and non-alcoholic beverages,-17.59139445517732,3.802526578953658,0.027876177269486758,18.823758850609664,4.207694983396692
Vegetables and vegetable preparations,0.016773653100854546,4.928210330135609,0.03404084062513979,43.12116024078469,6.134063824034644
