,r2_score,mae,mape,mse,rmse
Bakery and cereal products (excluding baby food),-5.957101776318795,3.344964224194724,0.021727046490213314,15.238307113921357,3.803270317980481
Dairy products and eggs,-5.97586993819063,3.7443647394735358,0.0267579983505314,22.770483251294895,4.1365350370845375
"Fish, seafood and other marine products",-4.105818445599895,3.7402510849887114,0.027334757427044273,21.531476531044053,4.207706775665616
Food purchased from restaurants,-2.560289236809275,2.9284283834790426,0.019119184408352845,12.428118677563058,3.2210408973336393
Food,-1.7465888559842124,2.3561537323805415,0.015836372333410852,7.571755279268014,2.5928645047100862
"Fruit, fruit preparations and nuts",-3.0037714337553942,5.3211818392314605,0.03915016019827102,42.612127652803984,6.127921658540873
Meat,-31.524974600007624,7.222537731998181,0.04490156596917191,75.63009713342615,8.02245121690573
Other food products and non-alcoholic beverages,-4.965451875228147,2.203956252809553,0.016185478601847807,7.092961860010848,2.515978373773141
Vegetables and vegetable preparations,-1.0302783029203446,7.803994968959263,0.053810555291970825,85.58891236387687,8.819199546329722
