,r2_score,mae,mape,mse,rmse
Bakery and cereal products (excluding baby food),-16.458570696024164,4.289411934342966,0.028041458051462378,31.278839297225854,4.854461806460335
Dairy products and eggs,-5.205043394142705,3.339319856835422,0.02388634835761295,17.374090226928384,3.750511918295338
"Fish, seafood and other marine products",-8.288421663230446,5.145312298164168,0.03724503846413924,34.57683057819796,5.473242629743379
Food purchased from restaurants,-1.9248958706904737,2.4234909905327706,0.01600541009077137,7.945654335034757,2.5118095091867696
Food,-4.001838992496247,2.4292063597018143,0.016794110248649186,12.872293521974816,2.6151668752594657
"Fruit, fruit preparations and nuts",-3.6882465256531813,5.990788868495397,0.04396541071805959,52.711172509838796,6.759732802520548
Meat,-40.72881550751028,9.129945979042658,0.056543264694000124,104.59536849079643,9.77627406358629
Other food products and non-alcoholic beverages,-5.6604773869467975,1.7138239905947712,0.012689901829211404,5.067537687913073,2.0646299913561528
Vegetables and vegetable preparations,-0.6476763873743637,6.895303524360455,0.047634287415672855,71.38805956930678,7.985547959224115
