,r2_score,mae,mape,mse,rmse
Bakery and cereal products (excluding baby food),-17.197678954265452,4.481394143079323,0.02925303146374715,32.48211110465744,4.8923716858586666
Dairy products and eggs,-7.887067365794439,3.905276634579614,0.028094096136616443,21.03973417270981,4.204445143040918
"Fish, seafood and other marine products",-7.0817770139867795,4.8159740892036895,0.03484700265041527,30.12861988338676,5.147684628098067
Food purchased from restaurants,-0.583608685962652,1.8136837146900326,0.01214879484581549,4.728430795407817,1.9643407391957963
Food,-2.3930463433305094,2.209799182225788,0.01520127315145726,8.855403208247427,2.4496390024095684
"Fruit, fruit preparations and nuts",-3.162887136213012,5.564376496007203,0.04079354509856357,46.9913950635218,6.423264814897196
Meat,-39.45458754631794,8.293604989026589,0.05141394654137499,92.48835221034682,9.018671415033003
Other food products and non-alcoholic beverages,-7.159004889752315,1.9756446192504225,0.014581739823293497,6.227470367424684,2.2954743821398176
Vegetables and vegetable preparations,-0.5568691315902511,6.739712183311504,0.046466685057165946,68.1521582783797,7.796723903149314
