,r2_score,mae,mape,mse,rmse
Bakery and cereal products (excluding baby food),-8.888756811636545,3.5918935099606792,0.023325828932207752,19.37649013292694,4.092258659195975
Dairy products and eggs,-3.957885950519477,3.242974534615008,0.023197401887222944,15.922530458739748,3.498874255652895
"Fish, seafood and other marine products",-3.382650576499566,3.0289319174630323,0.02175172431797746,13.48363582246224,3.417423285514335
Food purchased from restaurants,-0.7566725239732727,2.124267747667102,0.01404119053686108,5.826617685044855,2.2958779603689474
Food,-3.72016605715239,2.664504354971428,0.018021505560336822,10.478343265578372,2.922491416949899
"Fruit, fruit preparations and nuts",-2.4543502354180067,5.303098408128849,0.03898873528546275,44.75641537734497,5.912556260490238
Meat,-62.70359915777595,8.702466223984167,0.05445627634202365,128.80425251223437,9.299999845667534
Other food products and non-alcoholic beverages,-5.960211721326034,2.003100295293899,0.014663882466728692,6.9771443823749095,2.304162164856623
Vegetables and vegetable preparations,-0.5244360118357471,6.712853729409516,0.04626130708228141,72.78202137388823,7.621015534137807
