,r2_score,mae,mape,mse,rmse
Bakery and cereal products (excluding baby food),-7.701283076880219,4.083007663141484,0.02638538043899744,24.273580747073115,4.5479997957696945
Dairy products and eggs,-13.901931332532522,4.599427662198507,0.033093282011027646,40.72688371398345,4.872898726318026
"Fish, seafood and other marine products",-3.229697414826665,3.698633502778554,0.026803870070481555,19.836708846386635,4.1762553567820415
Food purchased from restaurants,-9.163149154569295,4.533035032080595,0.029542752816855575,39.94258969211019,4.770503015043742
Food,-1.5465070853999965,2.1574300937551674,0.014362635623319707,7.6094882281865495,2.3829934732474825
"Fruit, fruit preparations and nuts",-2.344738871477608,3.854956082944518,0.02794458843132534,23.433661066125946,4.67704251068121
Meat,-42.73363452186192,8.846760825505331,0.05412603943506247,128.37861764611426,9.845284542763986
Other food products and non-alcoholic beverages,-9.05413706466084,3.2311631076550373,0.02364107654029073,16.744364002895427,3.4780803675732455
Vegetables and vegetable preparations,-4.548199340403394,12.908792576461876,0.0872495081791357,234.57681259722156,13.987462825231516
