,r2_score,mae,mape,mse,rmse
Bakery and cereal products (excluding baby food),-10.332542814890447,4.489629763648623,0.02905763805003016,28.319743960610268,4.8370576004819865
Dairy products and eggs,-10.233343293404731,4.804527349320668,0.034298611005668146,39.41038553156661,5.106206611924218
"Fish, seafood and other marine products",-4.212950364451124,3.716244646102664,0.027126557280291924,21.267923956640974,4.217083673656409
Food purchased from restaurants,-4.152331316950084,3.6684419702600564,0.02387019717376304,16.997476039848973,3.8714364205734255
Food,-2.585012251854445,2.7881676527558206,0.018742781584180614,9.722199743031844,3.0073715683603446
"Fruit, fruit preparations and nuts",-3.8447717572490236,5.863575964629965,0.043297567208005795,53.88236144775283,6.615277740231089
Meat,-51.21271553755386,8.204637505263879,0.05119941239748458,106.85489132934913,9.052631320578131
Other food products and non-alcoholic beverages,-4.9001932531376395,2.415603056408111,0.01760397126394947,9.063169700595695,2.6954718158468
Vegetables and vegetable preparations,-0.6911679660880768,7.169083428761316,0.04924092632157154,73.76190635882823,8.065249950896465
