,r2_score,mae,mape,mse,rmse
Bakery and cereal products (excluding baby food),-10.355314139304644,4.410928001605645,0.028477267095007256,26.02670397143838,4.846466960817252
Dairy products and eggs,-7.816001613465211,4.189224218943763,0.030035323472853353,28.10371749168226,4.519565489691741
"Fish, seafood and other marine products",-5.268419473204122,4.3396617122428145,0.032149045350633,35.83314759053468,4.804572470613115
Food purchased from restaurants,-0.32397750953859983,1.8711059368476664,0.012334600730436964,5.4861127353018695,2.080765310113191
Food,-6.379172857890128,3.8946653981688173,0.026240926684685393,18.913277329701117,4.224689934449564
"Fruit, fruit preparations and nuts",-4.572939406661207,5.851848905048673,0.04334760246612684,50.53079081024572,6.574457218026204
Meat,-56.790125818399844,9.67747308640253,0.05986776320678954,134.7683598151842,10.546607978004587
Other food products and non-alcoholic beverages,-12.120470433187817,3.274671782639922,0.02405833636040734,13.770677147819974,3.6341184741194805
Vegetables and vegetable preparations,-1.0818781582169326,7.836261916791319,0.05383882356541184,89.74936484246093,9.03993287056562
