,r2_score,mae,mape,mse,rmse
Bakery and cereal products (excluding baby food),-10.904021918170464,4.580557787859883,0.029553495307534577,30.969315925395634,5.028338359998358
Dairy products and eggs,-9.135474183012738,4.429307757988178,0.03171150174511037,28.432942102591046,4.758585483202119
"Fish, seafood and other marine products",-2.1215567643183557,2.3258744719167237,0.01665389480046456,8.627189891853574,2.758386325579665
Food purchased from restaurants,-0.34771954204845307,1.9326182410830548,0.012618877571160475,4.65520578626493,2.08223868272198
Food,-2.4008891139753827,2.4546084610873447,0.016592898494349726,8.770587948213034,2.6905034155865324
"Fruit, fruit preparations and nuts",-2.626852813172875,4.504891406669819,0.03325416036292215,34.0519774314459,5.276939141808271
Meat,-49.5647695130774,8.073397467880651,0.049987237309437584,102.90012115396382,8.96702938138555
Other food products and non-alcoholic beverages,-3.370924739614436,1.871378140727048,0.013749533497793204,4.940570905856434,2.140380897722617
Vegetables and vegetable preparations,-0.8382967138841807,6.885425135698269,0.04711551953008311,72.71676798816877,7.993041002548304
