,r2_score,mae,mape,mse,rmse
Bakery and cereal products (excluding baby food),-13.719430509664456,4.8180402563993265,0.031062792704527126,34.742854496380694,5.293077755777097
Dairy products and eggs,-13.167286482601673,4.613613391048695,0.03317680955345517,32.21504866292676,5.023945864133131
"Fish, seafood and other marine products",-4.883799789596064,4.279625037864403,0.030926985999677636,28.730966332864938,4.633178065042903
Food purchased from restaurants,-1.26673679031854,2.240382017912688,0.014533398037156942,7.556268554331563,2.4910602516028786
Food,-6.172395514888549,3.088033427889387,0.020911562543623936,16.42993209105326,3.3221005807408654
"Fruit, fruit preparations and nuts",-3.859076262435868,6.021983135566509,0.04451351690096925,49.57104977659717,6.699210825767718
Meat,-61.7490334057209,9.815296181169137,0.06084736023926634,148.9491917658636,10.899433364209665
Other food products and non-alcoholic beverages,-12.507065474679417,3.61994036316241,0.02644404725891499,17.989955075039962,3.951742027448681
Vegetables and vegetable preparations,-0.7915850969722104,7.3894486603913485,0.05093140153872779,77.77651723474087,8.344617709246153
