,r2_score,mae,mape,mse,rmse
Bakery and cereal products (excluding baby food),-9.931459727150004,3.6274017616554546,0.023593343844083983,18.96393732596301,4.058571641442479
Dairy products and eggs,-6.290583957168438,3.9172566570302174,0.027930017395163292,26.846331913210093,4.191217117971724
"Fish, seafood and other marine products",-3.8041591933066368,3.14780558227862,0.022645962091099075,13.713404386874297,3.515759315728042
Food purchased from restaurants,-0.947855573361676,2.341013449209709,0.015375489594621731,7.141958490987818,2.44793808460111
Food,-2.2827794895336364,2.65977246723478,0.017973745942461285,9.080010121043292,2.9197306731061268
"Fruit, fruit preparations and nuts",-2.24264653612175,4.5934378649191885,0.03390372038495868,33.21154935938693,5.3176545561410045
Meat,-41.4773525545905,8.171647918539703,0.05083801929164261,102.58196661353129,8.731728019464374
Other food products and non-alcoholic beverages,-2.9620900980068607,1.6556803950556993,0.01212790323928639,4.769416345118558,1.9890864306828238
Vegetables and vegetable preparations,-1.2715947676936958,7.528162874494281,0.05157633456864046,81.84010962899723,8.54515058754922
