,r2_score,mae,mape,mse,rmse
Bakery and cereal products (excluding baby food),-28.284156103633077,7.224963968266885,0.04658000291732425,79.90999111358205,8.00655918680087
Dairy products and eggs,-18.425651776567385,4.902771633894987,0.035492387168286135,36.46009417289421,5.45363248440905
"Fish, seafood and other marine products",-10.956872485415898,5.436884868964949,0.039189226429401584,44.4209745973985,6.0395891240815445
Food purchased from restaurants,-28.977366284093065,6.690054341472646,0.04307062122767541,84.90061412377672,7.030724207734738
Food,-8.221308910140019,4.328387677228009,0.029408628525832484,28.16365140268428,4.808098605957722
"Fruit, fruit preparations and nuts",-3.0786516454169823,4.928176839515646,0.03593474602127945,42.165155923834114,6.124338376466032
Meat,-29.323672153524527,7.2425294220132175,0.044811745757135146,82.12280197244824,8.372893936843633
Other food products and non-alcoholic beverages,-44.424548383496564,6.784243891478847,0.049706069821055195,80.07827409566274,7.284835913831757
Vegetables and vegetable preparations,-2.357157700696742,10.743192313461707,0.0733306810939688,188.6374715873176,12.30739432711909
