,r2_score,mae,mape,mse,rmse
Bakery and cereal products (excluding baby food),-16.840621955781774,5.504382917616102,0.03545546691195915,47.203241887903495,6.037011726873348
Dairy products and eggs,-4.976439523581769,3.549437729769913,0.025265496109113897,22.474915372944015,3.908328638919688
"Fish, seafood and other marine products",-10.6163755817625,5.047909136171696,0.036279303960390356,36.53204163468936,5.484813706539053
Food purchased from restaurants,-8.098428194046859,4.77586419241769,0.03144141640863254,37.12724213563562,4.991307996869538
Food,-3.3742540343856446,3.09840376515868,0.02077370833049545,12.555336478234723,3.3941012741573964
"Fruit, fruit preparations and nuts",-2.639224043686807,5.10505481901623,0.0375853792429983,42.83779250807881,5.882975395008427
Meat,-44.147529183759595,7.311271239588501,0.045856250907567786,99.98601284370221,8.24029349531443
Other food products and non-alcoholic beverages,-11.444134073655837,3.6780644573231864,0.026861838513083564,18.128708387086814,4.024356616047719
Vegetables and vegetable preparations,-0.7037794018210176,7.461819704247531,0.05166623949658269,82.77905171395675,8.589461590014624
