,r2_score,mae,mape,mse,rmse
Bakery and cereal products (excluding baby food),-11.467955637939278,4.068275847258392,0.026167097826004224,24.76419309734143,4.438252422424889
Dairy products and eggs,-6.710579099903157,4.114413819489656,0.029152037872688275,34.111388849741836,4.5151198172392615
"Fish, seafood and other marine products",-7.055481711011591,4.888738446513182,0.035397397654021834,31.124428528142314,5.264000004163069
Food purchased from restaurants,-1.290774570104204,2.5025097276798633,0.01630267347358583,9.515836789804206,2.685376185555935
Food,-0.756297627366742,1.8918794379663229,0.012768227153321527,5.3151539479332515,2.265806895654208
"Fruit, fruit preparations and nuts",-6.014982380045637,6.305600908067491,0.04649689536823421,57.10810687303581,7.041862464156039
Meat,-92.8898383135349,12.796220708776403,0.07847619088737201,223.95311712585973,13.569312241912712
Other food products and non-alcoholic beverages,-20.31067532848541,4.170080548241026,0.030620728790631904,23.45689514681155,4.544980602336586
Vegetables and vegetable preparations,-0.3781821449690776,6.599569361045877,0.04594150126837501,70.95530563779279,7.458573891376116
