,r2_score,mae,mape,mse,rmse
Bakery and cereal products (excluding baby food),-4.86760780807886,2.84398911491273,0.018389296351097317,10.890810178071229,3.2338332626940676
Dairy products and eggs,-11.265820113132932,4.870784061169499,0.034793277316353975,39.733453752723584,5.203977965740335
"Fish, seafood and other marine products",-5.991971957079623,4.552061539099962,0.03336240579501088,29.985279384973893,4.916113342752741
Food purchased from restaurants,-2.072774263618583,2.6656989889800875,0.01712078258134928,10.380605066266257,2.8569742030363385
Food,-1.3973971199408688,2.1625613177264196,0.014541170803298665,6.91045760700305,2.398186156710257
"Fruit, fruit preparations and nuts",-6.898631114057821,7.060038224477616,0.051823262797474644,72.5581888311088,7.792287614451269
Meat,-72.2143582223896,11.76789588322715,0.07213938262450036,187.14347700992917,12.605940580534112
Other food products and non-alcoholic beverages,-3.070316917540685,1.9832249878575574,0.014460322576793729,7.101989003058239,2.316188009716886
Vegetables and vegetable preparations,-0.9855994292810091,7.374097010698268,0.05148264822658067,85.67091123983982,8.120716803220743
