,r2_score,mae,mape,mse,rmse
Bakery and cereal products (excluding baby food),-14.072634520215388,5.079844451581361,0.03271184160223117,36.15442482332218,5.498777753854864
Dairy products and eggs,-9.83276318330909,4.5580131450027395,0.03266569518774951,30.100625699952257,4.9463880244087575
"Fish, seafood and other marine products",-4.641087500737464,2.88575665912931,0.02055940802609155,14.232851175714535,3.292701524006198
Food purchased from restaurants,-1.2307620338088714,1.8158546609222583,0.011814567901670084,5.839042810797019,1.9437698440288294
Food,-4.254550917489648,2.9997951325916126,0.020277040696754674,12.186404375333744,3.3112746584485087
"Fruit, fruit preparations and nuts",-8.29348074326133,6.525371149860362,0.04787430673066274,59.096304699256244,7.37643161626697
Meat,-49.03981161300393,8.580238249440672,0.0533998018060965,109.44444226963368,9.169082893612536
Other food products and non-alcoholic beverages,-9.53264900722655,3.4686109270368313,0.025391544775071866,15.311269913881775,3.752101459844514
Vegetables and vegetable preparations,-1.2895271357986553,7.833969939701141,0.054877533842516556,99.64031732135277,8.913705028820116
