,r2_score,mae,mape,mse,rmse
Bakery and cereal products (excluding baby food),-18.103119831773324,5.138257909704138,0.0333442399108835,35.11604665415309,5.754617227412198
Dairy products and eggs,-5.448869917293615,3.739941398176567,0.0266010613204892,25.331918028948305,4.137689661618519
"Fish, seafood and other marine products",-3.361758289176071,3.180616294013131,0.023026619588026306,15.247021349331549,3.688651657683948
Food purchased from restaurants,-2.9957908974165512,2.815800706167071,0.018670116957217365,13.249415334278916,3.023195942571853
Food,-2.498898933440542,2.450219968765501,0.016495138635181872,8.877809016834629,2.724338254461251
"Fruit, fruit preparations and nuts",-2.7399401910629884,5.08976071070111,0.03746253413206676,44.902171046960554,5.856538342190582
Meat,-76.92252995770286,10.195895672349073,0.06316887488704154,155.31730842246523,11.133871859788153
Other food products and non-alcoholic beverages,-6.876658531522099,2.4647682230308567,0.018054260257290553,8.314208862980427,2.745689797001711
Vegetables and vegetable preparations,-0.9782840162301659,7.2760761119701245,0.049797849718667915,82.08447599922859,8.115637672681268
