,r2_score,mae,mape,mse,rmse
Bakery and cereal products (excluding baby food),-6.433622463746196,3.528930054518282,0.022893632122713305,16.5104473917696,3.9298908982956733
Dairy products and eggs,-6.7567746593242495,3.889640578012619,0.027816744548437067,25.73282154204033,4.235302433398285
"Fish, seafood and other marine products",-2.4006844111737684,2.980416973053465,0.02156817213107368,12.149669821988544,3.308178473755843
Food purchased from restaurants,-1.4250935062354542,2.4235451350136423,0.015844931461608598,9.721539262577714,2.619950568474679
Food,-2.5431553011001133,2.460235874236578,0.01658122098494329,9.148103281793814,2.7519282457622603
"Fruit, fruit preparations and nuts",-2.9989348839047065,5.3959073909376025,0.03970790027701566,41.204400979316375,6.093411172520665
Meat,-40.91908818205685,8.75622429418816,0.054347236831537436,101.83389011300312,9.449108186809394
Other food products and non-alcoholic beverages,-3.570403834744901,2.08547636970641,0.015287561978673996,5.645745528299755,2.292204754499973
Vegetables and vegetable preparations,-1.5666791951951886,8.291634502108137,0.05615818892483047,98.79534848821108,9.388214185742035
