,r2_score,mae,mape,mse,rmse
Bakery and cereal products (excluding baby food),-5.160900562297414,3.060170745849612,0.019918038537432216,14.335505140969113,3.4984186572033216
Dairy products and eggs,-3.5053914784401585,2.4293388568535064,0.01752881089241072,8.991821804681736,2.840229359035147
"Fish, seafood and other marine products",-1.3990065346151488,2.140162335754072,0.015337337238363178,6.618017038685217,2.4308011154692895
Food purchased from restaurants,0.4595807622602486,1.0999706530697126,0.007111951840664928,2.1552628483725265,1.2981820782428057
Food,-0.9139184922562643,1.6915817260742188,0.01158920839868774,4.6425875560787055,1.9053292801006088
"Fruit, fruit preparations and nuts",-2.2081663734151546,4.336819712320964,0.032298162549917415,32.35243238268018,5.10795038266096
Meat,-6.799482695209697,3.836252650508175,0.023656869413869273,22.922083083852186,4.5927510807678305
Other food products and non-alcoholic beverages,-3.459571490646487,1.684830402192614,0.012415818232008024,4.4063351411711755,1.9924317493506845
Vegetables and vegetable preparations,-1.048597519430331,7.165278082549887,0.049226869402776104,78.8001697213288,8.472399605521472
