,r2_score,mae,mape,mse,rmse
Bakery and cereal products (excluding baby food),-147.39656765620637,13.389144709753614,0.08680103031030029,302.30532576733077,17.216424687930537
Dairy products and eggs,-204.29570647939605,12.304603324365361,0.08979641842106663,249.26196655419128,15.570329130981662
"Fish, seafood and other marine products",-47.14023192266048,10.079571779442842,0.07317084415340697,177.42750777961604,13.272114954168478
Food purchased from restaurants,-67.5390508485821,11.259149755245794,0.07415649958983057,206.06185549424993,14.300812194532988
Food,-83.58666446885267,11.571140755547416,0.07853579302186024,224.61464743556323,14.921678516756955
"Fruit, fruit preparations and nuts",-24.110569119976386,10.954204300976302,0.08068021065061017,217.6425058469355,14.627361235583999
Meat,-77.54834458676005,12.762427395613736,0.07829685028152418,255.5245030768934,15.923019447375923
Other food products and non-alcoholic beverages,-226.82647761039084,11.55304393465557,0.08516185372166137,226.2679155901951,14.925412762759763
Vegetables and vegetable preparations,-6.148442755331053,13.428384102715386,0.09333768704742695,282.81833846134117,16.44901863047818
