,r2_score,mae,mape,mse,rmse
Bakery and cereal products (excluding baby food),-19.349568887754923,5.748833191079438,0.037204575863714055,47.23876323428515,6.272904211649986
Dairy products and eggs,-9.796266088136383,2.8208900835148256,0.020453976818496252,12.679680269593787,3.098223135223473
"Fish, seafood and other marine products",-5.499283056170175,3.9531463461578205,0.02847536390525689,22.003284443397504,4.433187452408017
Food purchased from restaurants,-4.092199622610129,3.6873283426597627,0.02402610703489487,22.737881634839436,3.9774222558674825
Food,-3.015121339187657,2.7747866635600107,0.018564398362440667,11.623581828566573,3.082719964854777
"Fruit, fruit preparations and nuts",-3.6247344109207194,4.3270299134431065,0.03138040471682488,33.814201936553495,5.323945812409934
Meat,-32.35651510125154,7.777306438627697,0.0475558742252794,95.99042214951574,8.96594667523296
Other food products and non-alcoholic beverages,-14.239048003400384,3.8273793477860707,0.02806861640900429,20.004801853660172,4.2178665897343475
Vegetables and vegetable preparations,-2.535258072418069,8.05276923204856,0.053470723255696205,100.22635448509078,9.199114574856326
