,r2_score,mae,mape,mse,rmse
Bakery and cereal products (excluding baby food),-16.718705830854237,5.577111202825314,0.036093378906171245,44.61301104845919,6.320128272044594
Dairy products and eggs,-7.975135127978572,3.75925423354699,0.027023077358386757,20.63362588041713,4.10733437259945
"Fish, seafood and other marine products",-8.087644815609318,4.64452395968967,0.03339177264048279,30.102421658573665,5.1724081368555455
Food purchased from restaurants,-3.6106357526144617,2.853210344264116,0.018910778983385976,12.254277782796768,3.1491802770820967
Food,-8.022567647595302,3.724002725106699,0.02538826490449618,19.93474332031126,4.202568610006478
"Fruit, fruit preparations and nuts",-5.3801359129654935,6.2958397274925595,0.04671863738475935,57.21542312924075,7.059925757015054
Meat,-137.19407962110225,15.84146923489041,0.0979360469095965,330.8030558249294,17.016608454964217
Other food products and non-alcoholic beverages,-7.688215672598225,2.593848592768269,0.01896782312112767,11.140113164535128,3.0753187419567216
Vegetables and vegetable preparations,-0.3500420135471982,5.811656677407561,0.04163011232072312,54.77476772160239,6.845520145453491
