,r2_score,mae,mape,mse,rmse
Bakery and cereal products (excluding baby food),-7.6459764172616955,4.170213410715578,0.026988057247522138,24.84827859595558,4.646403599129898
Dairy products and eggs,-14.052562339077722,5.435896426407749,0.0389569789473485,42.58457440851404,5.721352307712441
"Fish, seafood and other marine products",-2.1160778130511795,2.507531175159273,0.017890243734953945,9.324813605576672,2.881235635744321
Food purchased from restaurants,-1.0454411611921308,2.2470588441879027,0.014655311833559713,7.210071510716293,2.3501491430948405
Food,-3.5500296255255503,3.1137389773414266,0.02090751180988894,12.906224670373938,3.354536100721671
"Fruit, fruit preparations and nuts",-3.7258019911345914,5.9033971473653475,0.043712723593834685,47.94560237248199,6.549955629883486
Meat,-52.4739805220284,8.655791170634918,0.0538097419133167,119.78709950450234,9.445902779074133
Other food products and non-alcoholic beverages,-1.4444533915537547,1.5012947768761356,0.010992805262411358,3.476376060992059,1.7235556446117457
Vegetables and vegetable preparations,-1.048937927795502,7.332728911707641,0.0497996436378429,81.4964595639067,8.353303495599969
