,r2_score,mae,mape,mse,rmse
Bakery and cereal products (excluding baby food),-19.239040333058398,5.527757533643611,0.036014029782506826,47.81918869780998,6.263497765306689
Dairy products and eggs,-5.836355258502234,3.5693609207395522,0.025587626231659638,18.456669946663183,3.8916211046988125
"Fish, seafood and other marine products",-10.209882901111452,5.6982094719296414,0.04156530279703269,46.49021168304231,6.110015598041207
Food purchased from restaurants,-5.720117211960004,3.67443889234432,0.024425000596243956,18.02075764557867,3.8361115268923958
Food,-1.1312482182287908,2.1534042277664116,0.014606383071234859,7.233462091273675,2.433777586814333
"Fruit, fruit preparations and nuts",-3.064441168896103,5.387610945121321,0.03951392918347912,45.7037232752135,6.254058429500027
Meat,-34.34123153131062,8.563166869632783,0.052952295917392485,95.33449554709739,9.576366837456144
Other food products and non-alcoholic beverages,-8.462094064312966,2.8205853941579346,0.020726686584033337,10.25133461631797,3.1399696733830944
Vegetables and vegetable preparations,-1.6447788183712213,9.348754144093347,0.06484171775425837,119.58270428179515,10.48552014506996
