,r2_score,mae,mape,mse,rmse
Bakery and cereal products (excluding baby food),-17.00108671861427,4.851855404162534,0.031406742155379926,32.61304191266166,5.476112382753333
Dairy products and eggs,-7.71125387825344,4.343743359601057,0.030956601096811653,34.40817409384223,4.8022954107024445
"Fish, seafood and other marine products",-8.333295121947538,2.8767053816053605,0.020406466968934858,20.676594254376106,3.465015146716589
Food purchased from restaurants,-2.828924141810323,2.367888528329355,0.015211815111318966,12.026733679171429,2.717790256760464
Food,-6.00674450603604,3.602927592444042,0.02411198500754236,20.805331713006467,4.090652574835226
"Fruit, fruit preparations and nuts",-10.948879336225056,6.7039974636501745,0.049275173479475874,66.88605840702753,7.617881294570925
Meat,-48.14320089852573,9.495717552225424,0.058384614048328044,138.2090251633971,10.355037338238484
Other food products and non-alcoholic beverages,-4.857668358960017,2.2939916519891637,0.016716139467547034,13.101276972874885,2.8479347868163365
Vegetables and vegetable preparations,-1.6265094190851173,7.156786384784355,0.04872680734071677,80.01619336667868,8.150798589009574
