,r2_score,mae,mape,mse,rmse
Bakery and cereal products (excluding baby food),-4.677219147326517,3.0938177441793777,0.019983129229001178,15.76539694736375,3.5186261960645404
Dairy products and eggs,-9.152935527501286,3.864101597619435,0.027912884368254728,21.85813127397134,4.170661167557281
"Fish, seafood and other marine products",-3.2716313912020563,3.334162557692755,0.024088940639580263,14.858164608722843,3.770506349590945
Food purchased from restaurants,-4.036800442127208,3.7224092150491397,0.024439021538077626,25.651923102185183,3.927827231185253
Food,-1.8217509686162225,2.310913529976335,0.015537070552006134,7.696807728549737,2.5422125534253186
"Fruit, fruit preparations and nuts",-1.2539960298776378,3.3678926114682803,0.024369178252875216,19.510692760790445,4.082418070772383
Meat,-24.175130716394637,6.113509485961267,0.037887725471907614,57.72458832612909,7.162332387485068
Other food products and non-alcoholic beverages,-5.03181254028445,2.1596820932216754,0.01592475363038274,6.847990185348139,2.3261510327955435
Vegetables and vegetable preparations,-2.608846738040685,10.709618173831357,0.07337356046950157,147.02642173233622,11.893780064137061
