,r2_score,mae,mape,mse,rmse
Bakery and cereal products (excluding baby food),-30.785922519891187,7.189094151895513,0.046625014217940575,72.16069246988164,7.987216755245364
Dairy products and eggs,-8.460167112451023,4.05355289196842,0.029102264361810404,26.97318804034614,4.521141762241808
"Fish, seafood and other marine products",-12.887634852814054,6.010205241612026,0.04362607141208875,57.66259724855676,6.733571536884288
Food purchased from restaurants,-2.6499589607802263,3.018869692686373,0.019985990250745034,12.875796652332525,3.302081981851096
Food,-4.515736421980126,3.5439295450846355,0.023846382123940236,17.920395114550747,3.990473218465296
"Fruit, fruit preparations and nuts",-2.56059798629508,4.95192970800652,0.036102953912504426,42.669518467921925,6.011116549353648
Meat,-45.692231125105764,8.467540119312426,0.05191150183439086,106.05603778734611,9.414905728692444
Other food products and non-alcoholic beverages,-17.665950584636793,3.9959783261415205,0.029314384498819863,20.018983590318115,4.266549499353556
Vegetables and vegetable preparations,-2.6547342127203026,11.495381083816449,0.07940127392709403,188.33423162090025,12.550898290207401
