,r2_score,mae,mape,mse,rmse
Bakery and cereal products (excluding baby food),-10.825188459541858,3.8937107631138392,0.02539378967028962,21.595302204995136,4.312083303476924
Dairy products and eggs,-8.238147239879465,4.188626377166265,0.030066531056358148,24.454568173812294,4.497414434349889
"Fish, seafood and other marine products",-2.560871876769672,2.621673870591261,0.01873451622032969,9.970518950208286,3.017104048191198
Food purchased from restaurants,-1.221003227626892,2.3285892991161865,0.015082320485250019,7.399826202693773,2.462581326673317
Food,-2.2478174635629657,2.5032844381988384,0.017014688285550496,8.177521497631277,2.7319998404014405
"Fruit, fruit preparations and nuts",-4.408644092240508,6.179586674927403,0.045717084427336574,54.894526870894204,6.777344496741809
Meat,-47.87684815158094,9.375924722984353,0.058349062985085576,122.18123231567652,9.926811542464598
Other food products and non-alcoholic beverages,-2.8380435202678673,1.7497489202590204,0.012816310404873724,5.398718830887858,2.043438547058712
Vegetables and vegetable preparations,-1.11610920823279,7.531244382908736,0.051486150893343685,83.51668142698313,8.51503780174977
