,r2_score,mae,mape,mse,rmse
Bakery and cereal products (excluding baby food),-24.629905908248475,6.0536239624023445,0.03899558089510956,51.326070466985335,6.6369916067510575
Dairy products and eggs,-21.43428583431442,6.206860272846526,0.044334107788356586,64.60775001382588,6.665044155387785
"Fish, seafood and other marine products",-8.67424502132366,4.882224423040158,0.0349337945927643,33.934135837473825,5.4078107200397625
Food purchased from restaurants,-2.424165345435956,2.844395224757926,0.018748808934065987,11.844706656592043,3.108667125133517
Food,-6.9702735733658345,3.36916723099966,0.022419676288420592,23.38762006848422,3.848766650150198
"Fruit, fruit preparations and nuts",-15.170394273298038,7.369104248127609,0.054010490593400705,81.79453418972643,8.55315839243456
Meat,-49.58567169179101,9.876949653423651,0.060987849262089354,132.90615812161735,11.013218633178596
Other food products and non-alcoholic beverages,-8.526383288094735,3.531065235440694,0.02583514660746775,16.868814791778714,3.8951892464110522
Vegetables and vegetable preparations,-2.1470720196649866,6.419906410338387,0.04381022115103439,77.80949169708823,7.879266231495465
