,r2_score,mae,mape,mse,rmse
Bakery and cereal products (excluding baby food),-11.223090627518529,4.518420733093584,0.02936956011878085,25.75283715219403,4.865539791544921
Dairy products and eggs,-8.555512806342799,4.2750223714838596,0.030649829728954484,28.85148455420567,4.534376791868043
"Fish, seafood and other marine products",-2.832978782078255,3.2910115196591345,0.02393502657843979,14.530489911207445,3.6450270666294813
Food purchased from restaurants,-0.1875792460741141,1.8611361226076815,0.012158757205641966,4.982049278417217,2.0347710338157543
Food,-1.8729821380317284,2.3553838457380043,0.01596531344226259,7.4508651171442075,2.667793876767368
"Fruit, fruit preparations and nuts",-2.727627102848999,5.066671163569053,0.03737719153916589,38.503486514550495,5.6395936316327075
Meat,-40.23886965997957,7.2350347973051505,0.045117448684442236,82.81517720798504,7.940119303971058
Other food products and non-alcoholic beverages,-2.089083759405481,1.718140249908285,0.012582255958136572,4.68016117455853,1.9424979089358356
Vegetables and vegetable preparations,-1.0244049129526014,6.957007241627529,0.04708109420713725,73.29046257789624,7.979701404024413
