,r2_score,mae,mape,mse,rmse
Bakery and cereal products (excluding baby food),-5.343353393862427,3.2515036931113594,0.02100912246240746,14.752077634139782,3.6639385074093127
Dairy products and eggs,-5.828973826949,3.7961099210870337,0.02702816169012701,25.092248193043293,4.149581619657248
"Fish, seafood and other marine products",-4.733282972778316,3.8427973469729158,0.028099773453400822,23.318116765481204,4.2215931041720065
Food purchased from restaurants,-3.7561619611101253,3.3329410048388937,0.02140266684735126,15.911028049473396,3.530327287432673
Food,-3.439369504347196,2.967122557302003,0.019898744730242602,11.561604993409988,3.1716990103568086
"Fruit, fruit preparations and nuts",-4.172359577991929,6.1632986805426375,0.045353222793451185,55.73269096322584,6.8404435888520965
Meat,-50.69874047064326,8.721311962793742,0.05432534057895249,120.90029690756118,9.355003499485012
Other food products and non-alcoholic beverages,-2.5308074883530707,1.8918845807433764,0.013802276436520697,5.576088915581058,2.1826938216506275
Vegetables and vegetable preparations,-1.2107935368996365,7.810545589305737,0.0531371607571435,86.22734374947696,8.891148561458717
