,r2_score,mae,mape,mse,rmse
Bakery and cereal products (excluding baby food),-0.4315894082947011,1.1452902343346583,0.007338419384473543,2.194129889039445,1.4812595616702176
Dairy products and eggs,-2.561527783085958,4.511509641729954,0.03105800682662999,24.881996040486058,4.988185646152924
"Fish, seafood and other marine products",-4.595504056565001,3.1211748143502045,0.021505823082766776,11.114498159703492,3.33384135190976
Food purchased from restaurants,0.15739358885319377,1.3715003282645537,0.008382557528830511,2.344853269877117,1.5312913732784883
Food,0.5368640662382475,1.0063371882749588,0.006430354994490926,1.4917702944003535,1.2213804871539227
"Fruit, fruit preparations and nuts",-0.8289643495544478,1.7080338072492367,0.01197925069512444,5.217027492596443,2.284081323551428
Meat,0.22595284109134783,3.06248225909096,0.017119489935369783,19.81975394926994,4.451938223882935
Other food products and non-alcoholic beverages,0.20520168592128152,1.8972962297831637,0.013494288882621953,4.7233728379535265,2.1733321968704016
Vegetables and vegetable preparations,-1.601720767271167,4.9111016242583,0.03172462940360337,39.56699597683107,6.290230200623113
