,r2_score,mae,mape,mse,rmse
Bakery and cereal products (excluding baby food),-32.3827635365528,6.1912050939489305,0.040421793513381384,60.75545320558124,7.451312204942653
Dairy products and eggs,-51.0646033275438,6.056023050944012,0.04431382937981614,54.7016075888776,7.09286759722256
"Fish, seafood and other marine products",-5.366028475821633,3.821810825489186,0.027393596836511682,23.542512495705783,4.78508443835529
Food purchased from restaurants,-9.919571325293356,4.8483361251265915,0.031270132038456584,36.2966161140211,5.830803688322319
Food,-10.240511672165427,4.570624660915798,0.030836750752487995,30.733933170759673,5.5030043550305185
"Fruit, fruit preparations and nuts",-3.562398390914257,5.4749337938096785,0.040438371881837055,42.1054111454124,6.359939572203534
Meat,-11.882991233826388,6.077577028627748,0.03673050022422236,58.7728293579801,7.41820153798551
Other food products and non-alcoholic beverages,-35.95876374505077,4.506499786376951,0.03325737049725799,31.953531037910896,5.544127705895405
Vegetables and vegetable preparations,-0.9942586371003465,7.839092336584021,0.053872174192111516,92.88343900412093,9.250993584937799
