,r2_score,mae,mape,mse,rmse
Bakery and cereal products (excluding baby food),-31.891911203730306,7.241008350836537,0.046745535641605836,84.07816308522852,7.774227592589292
Dairy products and eggs,-10.188231823251956,3.797201136432628,0.02751585092118357,19.212588273634065,4.059428090112171
"Fish, seafood and other marine products",-2.1880497534232757,3.0260731914056045,0.02239307373688069,16.460716767793084,3.4451305802712198
Food purchased from restaurants,-3.168036646147336,3.196455330823463,0.02073620056068504,14.259598825948231,3.4285436377120284
Food,-7.411798746044483,4.027654888011791,0.027022550244356833,26.11352341295307,4.301344453703776
"Fruit, fruit preparations and nuts",-1.6410466348830142,3.5958928183903773,0.026135217814435712,20.72811263008376,4.296545435561343
Meat,-31.93553334502774,8.038572042959709,0.04913895132756566,107.2482302523353,9.60089244473843
Other food products and non-alcoholic beverages,-36.34886918166794,6.344338339346426,0.04656905178800818,53.301652126372595,6.722904229921466
Vegetables and vegetable preparations,-3.3694730387207232,10.414452888852074,0.06979299622823358,153.39497107508947,11.21190939714188
