,r2_score,mae,mape,mse,rmse
Bakery and cereal products (excluding baby food),-7.866857674106015,3.6940230838836183,0.02393822023534369,18.68957795720794,4.151563909827073
Dairy products and eggs,-8.37117266041834,4.507833474779886,0.03213071849404228,34.29083141525137,4.819907716113118
"Fish, seafood and other marine products",-2.1374598741577273,2.500018338803892,0.018002480336578138,8.9241328701164,2.8962257883292435
Food purchased from restaurants,-2.3933840456652704,2.665063113258,0.017080765778891505,9.99496739423874,2.769759942718096
Food,-3.0351786889916226,2.776479279048861,0.018691443509830423,10.448111659183215,3.0284160229850863
"Fruit, fruit preparations and nuts",-6.772971493808526,7.15649703898758,0.05316936841258773,79.42291534381816,7.714191954982788
Meat,-70.57437467866215,10.557881560149015,0.06543128749728354,166.85693301559525,11.251123986432383
Other food products and non-alcoholic beverages,-4.720304984323138,2.0401832439281318,0.014990632157215822,7.218621538543046,2.260607528531413
Vegetables and vegetable preparations,-0.7841540778163493,6.732612107292056,0.04536969763966173,71.6649583610942,7.867860578620447
