,r2_score,mae,mape,mse,rmse
Bakery and cereal products (excluding baby food),-12.109400358251841,4.473359793203849,0.029032641323318887,26.866269011842405,4.94357225438558
Dairy products and eggs,-6.763696464978419,3.9674206728657726,0.02837350816447162,26.096921649133424,4.285856602317547
"Fish, seafood and other marine products",-4.026468423380357,3.4420340886191734,0.024697717960785386,15.862143337989787,3.7825049947013576
Food purchased from restaurants,-0.8078372060023854,2.299250623914932,0.015209383511198944,6.612558647468,2.4261481582546374
Food,-1.9473135960663184,2.2611842079768123,0.01537474923907558,6.808859208206134,2.4718131693342653
"Fruit, fruit preparations and nuts",-4.06694628454469,5.998346338827143,0.04417475067240534,54.25340549077699,6.692389755622938
Meat,-46.90653182852932,9.04951718042767,0.05618871759619931,115.46436407002993,9.565940988104378
Other food products and non-alcoholic beverages,-6.85773661749602,2.5467981086206173,0.01865835616624596,10.888343473832819,2.8373024034061314
Vegetables and vegetable preparations,-0.9922271357620276,7.138391248511261,0.048583395909399314,74.23952521510405,8.214209969677405
