,r2_score,mae,mape,mse,rmse
Bakery and cereal products (excluding baby food),-10.70073709126635,4.2201354697898585,0.027521321362971297,26.504751762023663,4.665134336239432
Dairy products and eggs,-5.191545557657438,3.722823906954004,0.02656244389746675,22.58257268964796,3.955570773331003
"Fish, seafood and other marine products",-3.628258767726546,3.808128700054514,0.027867309923879157,19.572195077549683,4.145545619568887
Food purchased from restaurants,-0.6798731083046651,2.089019900528844,0.013778507675455133,5.382866512495383,2.2100703327949778
Food,-1.8959813675301012,2.3207802464722342,0.015734013562749335,7.2819355703891055,2.568103083263671
"Fruit, fruit preparations and nuts",-4.866964447156804,6.483063204326327,0.04784301413691733,62.92054115408086,7.1474953440474875
Meat,-43.761807537750734,8.336507149348181,0.051836432947464144,108.91881979591557,8.958097864097775
Other food products and non-alcoholic beverages,-4.663289756212866,2.141237394141142,0.01568657809395457,7.752961720701152,2.4189282659574474
Vegetables and vegetable preparations,-1.2019866213659194,7.572337902412215,0.0519458499356975,83.27464843772624,8.540440177100237
