,r2_score,mae,mape,mse,rmse
Bakery and cereal products (excluding baby food),-33.73184942194977,14.195786283408736,0.09198280023242314,245.05738223439258,15.654308743422451
Dairy products and eggs,-4.720948771930492,7.979977378044959,0.05838593495386055,74.38218093583559,8.624510475142086
"Fish, seafood and other marine products",-0.27680986001099805,8.216495682302456,0.05962575380770045,74.38522472410727,8.624686934846231
Food purchased from restaurants,0.776526076344421,3.2657432755848137,0.020841995356873807,17.850484553187897,4.224983379042798
Food,0.8751590699081997,1.81388715806915,0.012467852678155042,4.46926073535359,2.1140626138678082
"Fruit, fruit preparations and nuts",0.112258350672094,3.741961664678485,0.027461250747573784,24.767052181592792,4.976650699174375
Meat,0.20189877311561377,5.267113949117013,0.03301466443156033,45.022194838595965,6.709858034161078
Other food products and non-alcoholic beverages,-16.460377633369173,10.78406218840026,0.0793236275912,136.28377166907126,11.674064059661111
Vegetables and vegetable preparations,0.05300104426044039,10.441196420086241,0.07010511040365476,169.53038044578673,13.020383268006618
