,r2_score,mae,mape,mse,rmse
Bakery and cereal products (excluding baby food),-13.203027702490651,4.089030486885004,0.026729715579625026,26.05988703815839,4.469714632649723
Dairy products and eggs,-10.382829158449491,4.19906606353075,0.03026879587724679,23.281710835895925,4.502272879750385
"Fish, seafood and other marine products",-2.3491511153848657,2.6975835994833806,0.019478657314821502,10.44624364214627,3.0604553722832954
Food purchased from restaurants,-0.3601458921198537,1.8528969301049687,0.012120139424637433,5.3196646433635815,1.9648063366771364
Food,-1.3070828768972584,1.9779635870174574,0.013530099892160209,5.101485896883597,2.1080359906450314
"Fruit, fruit preparations and nuts",-1.916258117091374,4.767112160254867,0.03530205080542547,33.447365721396494,5.457290893276909
Meat,-21.303753691371345,5.812309659467547,0.03633690821484008,48.61667511087766,6.178081567778279
Other food products and non-alcoholic beverages,-2.9173030075099153,1.6107175805910225,0.011860053506340021,3.722093444880889,1.8745644624463313
Vegetables and vegetable preparations,-0.669447214533923,6.7588150355692775,0.0455335912823997,70.22935087661064,7.811468511726105
