,r2_score,mae,mape,mse,rmse
Bakery and cereal products (excluding baby food),-10.74140391350316,3.8781267451880326,0.025295412246058708,25.788148316106913,4.316402468031083
Dairy products and eggs,-10.86258678581697,4.561780199694683,0.032753844704136593,26.668308538687274,4.898794034624257
"Fish, seafood and other marine products",-2.854059610770835,3.0126508559729053,0.02173132278367829,12.091094486746417,3.3744196670541613
Food purchased from restaurants,-0.22998873707384337,1.529537749702216,0.009983160702672172,3.6012625865642134,1.6118004485060915
Food,-1.3456732899249642,1.9006799477001899,0.012964249370863639,4.933641560051911,2.0421718529586057
"Fruit, fruit preparations and nuts",-1.3304364804402273,4.352235643326219,0.032021769346851636,29.85271067539165,5.114585330214899
Meat,-9.780816523842496,4.874747387634828,0.03030749446586482,35.16119605113463,5.260615714675238
Other food products and non-alcoholic beverages,-1.943140425477002,1.5441319791249128,0.011327084318018533,3.606958450427735,1.834856158316483
Vegetables and vegetable preparations,-0.918707636573329,7.383299805458909,0.049491100241943795,79.64382736078143,8.411328456231198
