,r2_score,mae,mape,mse,rmse
Bakery and cereal products (excluding baby food),-11.428026923371979,4.176798785174335,0.027201134631476432,25.948143139837402,4.666279656421745
Dairy products and eggs,-9.018440344290468,4.5720492004717475,0.0327522410228985,31.47953527059023,4.8283677925181685
"Fish, seafood and other marine products",-3.1035903844039687,3.1347440426942534,0.02260022600634626,12.700374343844445,3.444314133903967
Food purchased from restaurants,-0.10739016479570136,1.5946513503947601,0.010534761968235898,3.4804569637615805,1.6929858051899271
Food,-0.9219303083217522,1.9162561890940208,0.012966984967311903,5.020870194122298,2.132669678217497
"Fruit, fruit preparations and nuts",-4.092317321865919,6.078068619178086,0.044933810286914955,56.626431764760135,6.742686540111627
Meat,-42.31717611746526,8.737160726072924,0.054252818886205596,109.4535099173831,9.318743803183905
Other food products and non-alcoholic beverages,-2.3304151940012074,1.5322442392823545,0.011241360562226148,4.24895853582867,1.8316586502101722
Vegetables and vegetable preparations,-1.0542988563945443,7.29139067231032,0.049897399143260336,78.75301074526243,8.281126429131207
