,r2_score,mae,mape,mse,rmse
Bakery and cereal products (excluding baby food),-13.118456755316005,4.120931572999209,0.026924828064994456,26.08360012518891,4.507636518525827
Dairy products and eggs,-10.462942934693315,4.293812160281732,0.030896466421297397,24.725806794629204,4.6034902918340785
"Fish, seafood and other marine products",-1.6933577076809703,2.6894571849242443,0.01941265304071847,10.357656939976536,3.051981725123367
Food purchased from restaurants,-0.36298395715282555,1.8768776250773425,0.012262230497025357,5.357564016164907,2.002105970105863
Food,-1.3311280724366823,2.0322152903819535,0.013863067142952745,5.339674615743339,2.204960952274769
"Fruit, fruit preparations and nuts",-1.9348621579918286,4.758802023970865,0.0352439988261298,33.45362150093788,5.44450730515463
Meat,-21.17543219577897,5.939236681337978,0.03697268640091305,50.08430953425188,6.406322323851305
Other food products and non-alcoholic beverages,-2.963907180430189,1.7005759005749699,0.012474586666166536,4.393263043246063,2.0009810207501144
Vegetables and vegetable preparations,-0.5348615858202229,6.651571570297971,0.04483407843374363,69.53958674653752,7.747957566805645
