,r2_score,mae,mape,mse,rmse
Bakery and cereal products (excluding baby food),-8.169406719754361,4.16907461257208,0.026987700129870378,22.941014702419807,4.58630746895351
Dairy products and eggs,-8.590902520931659,4.479890813272466,0.03187408444918997,37.992732703716705,4.878463576187972
"Fish, seafood and other marine products",-2.1788818184899976,3.2326235574389273,0.023542817022278173,15.209309868808377,3.6591287313685896
Food purchased from restaurants,-2.542581598419016,3.007315527698981,0.019675064497409463,12.879243381642622,3.2158809475703403
Food,-5.418763309624304,3.5333827831127036,0.02374257273603728,16.037157861295263,3.8610796403248044
"Fruit, fruit preparations and nuts",-3.220880016460836,5.418591893917669,0.04004633502560077,44.44552105331698,6.137743166059842
Meat,-53.630018183633915,8.684563123107585,0.054076969440316876,117.05841210706636,9.822059898306986
Other food products and non-alcoholic beverages,-10.231211348202372,2.6577112470354347,0.01954231926810152,10.33305761737301,2.9509091358656434
Vegetables and vegetable preparations,-0.8323724268444401,6.79261630426639,0.04598610231287075,71.87239136901123,7.8225721511339446
