,r2_score,mae,mape,mse,rmse
Bakery and cereal products (excluding baby food),-12.487935349607588,4.119910725588522,0.02667887933284087,25.09578796553448,4.649482965623188
Dairy products and eggs,-6.300903559704946,4.0427367558555,0.028600032789679663,34.589630830515055,4.46729199039891
"Fish, seafood and other marine products",-5.122376354041255,3.753281903140761,0.02714449918603822,18.945714174747334,4.138376629140203
Food purchased from restaurants,-0.33939180369138827,1.9009478049303496,0.012423523090171744,5.111145291709512,2.1088796127697873
Food,-2.968894412382267,2.6915398976159497,0.018119206378558086,10.693819305891054,3.0298950581648594
"Fruit, fruit preparations and nuts",-7.395167287666715,6.442459259840546,0.04733514926817028,57.282864259465754,7.249932092367499
Meat,-40.43796930373621,8.385565996926927,0.05188305822343022,101.68482935908622,9.026829687368886
Other food products and non-alcoholic beverages,-5.092887169724651,2.5027186681353846,0.01819765545935248,14.630776814641933,2.889494707109501
Vegetables and vegetable preparations,-2.040997476777672,7.856931857961826,0.05350868967658474,92.44300035299652,8.88864202989209
