,r2_score,mae,mape,mse,rmse
Bakery and cereal products (excluding baby food),-10.340151913746896,3.9832445215295853,0.025682487415958702,24.777005474568636,4.327258908534406
Dairy products and eggs,-17.50388823002689,5.893464024861654,0.04240886708503616,46.752057819519706,6.262148511490793
"Fish, seafood and other marine products",-6.631550525199038,4.683271395970905,0.03382738837324163,29.36864856949998,4.998513304562155
Food purchased from restaurants,-1.2805478307127898,2.396696532718719,0.015713127510974798,11.435684902606463,2.549314408245471
Food,-3.6329593368530646,2.895691317603704,0.01938435131482346,13.135754507903464,3.242326515962881
"Fruit, fruit preparations and nuts",-8.850294372333833,8.217930106511192,0.0609065638907924,93.95599131673178,8.868053973900011
Meat,-32.26782435829748,7.969904258768395,0.04895512603647767,90.99958855478847,9.062808454553048
Other food products and non-alcoholic beverages,-9.42858917160307,2.7357445873280675,0.0200928414766495,15.28569735135813,2.992871457700153
Vegetables and vegetable preparations,-0.15318428452312985,5.531133978707449,0.0375828638524029,49.15489138069767,6.547274561631951
