,r2_score,mae,mape,mse,rmse
Bakery and cereal products (excluding baby food),-11.88131061222676,4.131217217823815,0.026921200517381578,24.14879834493932,4.5498089601686535
Dairy products and eggs,-4.454665935343811,3.4064000447591156,0.024285401720801392,20.16656907421314,3.670725283883467
"Fish, seafood and other marine products",-4.406565470227346,3.751652773095188,0.027395598248177704,21.10822348570203,4.0973524790424065
Food purchased from restaurants,-0.5655184991590602,2.0633136406146675,0.013453042494846754,5.713220410130987,2.2459374207258116
Food,-0.958739342514792,1.8687370905800489,0.012721114532758584,4.897245347766565,2.118144464745957
"Fruit, fruit preparations and nuts",-4.688825950803913,6.5206205761621865,0.048030712377913364,62.03565880282978,7.175603336797894
Meat,-38.59268959525941,9.115570613316125,0.0565131621985144,111.66428285449432,9.771000397848288
Other food products and non-alcoholic beverages,-2.7514775304511887,1.6348022460937488,0.011994781707122247,3.7742529377402843,1.9004736053331068
Vegetables and vegetable preparations,-1.1097954729666326,7.647138696498971,0.05227984794409977,81.17005014017155,8.60452347401991
